determiner,noun,verb,adjective,adverb,preposition,conjunction,punctuation
our,upmanship,caught,unipolar,unanimously,for,for,'
several,universalism,solved,thin,joyfully,on,only if,)
every,themselves,unsay,uncommitted,courageously,beside,until,-
little,unlikely,spotted,uniformal,intensely,among,as long as,?
few,upsetting,unlax,unlikely,unceasingly,above,but,;
your,myself,defined,unperturbed,frightfully,throughout,while,.
a,unconscious,usher,unvisible,unlikely,along,otherwise,(
her,usher,unvail,unco,honestly,past,even though,""""
those,understatement,unglove,uncredible,diligently,until,then,!
my,underage,unfolded,upsetting,unco,through,barely,:
its,unionist,shined,unpleasant,closely,towards,if and only if,","
another,unconditional,unmeet,unqualified,unnecessarily,over,just if,
both,unconventional,cheered,early,uncommon,up,whether,
his,unattractive,underwrite,giant,faithfully,down,lest,
whose,fish,unencumber,unconscious,fiercely,in addition to,however,
the,upcycle,saved,unceasing,unseemly,next to,before,
no,ups,confessed,unflagging,underfoot,like,than,
any,unravelling,followed,bold,underway,by,even when,
much,uso,passed,unsavory,impatiently,in front of,given that,
that,that,upcycle,unwholesome,expertly,into,when,
half,yourselves,ups,underage,unilaterally,except,although,
neither,unemployment,won,unsufficient,entirely,before,not only,
what,underrate,bounced,unionist,finely,beyond,whether or not,
this,upholster,smelled,unmeet,excellently,amid,even if,
which,underground,ruined,unconditional,keenly,as of,but also,
either,underhand,supported,unguarded,continually,because of,unless,
their,undertaking,underrate,uncritical,unluckily,near,supposing,
most,urgency,upholster,unconventional,underground,between,as well as,
such,upgrade,underground,unattractive,meaningfully,against,as soon as,
these,uncle,underhand,unharmed,underhand,from,so that,
each,who,unspool,easy,hungrily,around,though,
all,upbringing,studied,unequivocal,instinctively,across from,or,
some,upbraid,upgrade,huge,upgrade,upon,scarcely,
many,undercard,cut,swift,loyally,off,provided that,
an,sun,encouraged,undulant,elegantly,behind,while yet,
,use,insisted,unhinged,upright,instead of,if only,
,underarm,uncle,unpropitious,delightfully,in spite of,just as,
,upchuck,stayed,unidentified,foolishly,far from,now that,
,dog,took,underground,upstairs,underneath,much as,
,unconcern,upbraid,unreliable,indignantly,outside,neither nor,
,unitarian,burned,uprooted,lovingly,ahead of,yet,
,upcast,use,underhand,unobtrusively,about,both and,
,ush,organised,undeveloped,awkwardly,beneath,such that,
,underbrush,underarm,uneducated,coolly,in,in order that,
,whom,unclothe,uninhibited,bitterly,inside,whereupon,
,undergrowth,unravelled,unhelmed,frequently,onto,rather than,
,univocal,dusted,dirty,freely,by means of,that,
,urchin,upchuck,unctious,up,in place of,hardly,
,unguent,untangle,unicolor,inevitably,regarding,once when,
,undersecretary,unpack,untenable,uppermost,due to,either or,
,unwinding,upcast,unexperienced,kindly,concerning,since,
,ust,talked,obedient,nicely,during,after,
,urinary,unstuck,underarm,usually,toward,wherever,
,unisex,whispered,unravelled,uncannily,close to,as,
,usc,unzip,unearthly,indiscreetly,within,where,
,upstate,typed,unorganized,mechanically,since,because,
,uplink,ush,unitarian,unbeknownst,after,no sooner,
,unhappy,jumped,uppish,gradually,with,assuming that,
,underworld,underbrush,upcast,equally,on account of,nor,
,undead,pounced,unlettered,exceptionally,of,whenever,
,tree,danced,unpenetrable,greedily,without,once,
,undermining,commanded,brave,generously,out,and,
,itself,fought,uninterrupted,nervously,across,so,
,underwriter,urged,unleavened,arrogantly,as far as,in case that,
,usaf,uplink,undeniable,loftily,under,if,
,urticaria,unhappy,unscrupulous,dramatically,on behalf of,so as to,
,uncaring,borrowed,yellow,badly,at,even as,
,himself,worked,ush,boldly,despite,on condition that,
,unread,ushered,unsung,lightly,apart from,whereas,
,unicorn,unquote,pleasant,unconsciously,below,in case,
,underestimate,entered,univocal,innocently,in regard to,,
,urbanization,unclear,unde,far,to,,
,unesco,cooked,unstoppable,unitarily,,,
,uber,unread,unapt,upfront,,,
,unfolding,unicorn,unwinding,upmarket,,,
,unicycle,underestimate,uncontrived,unmanly,,,
,union,collected,uncorruptible,fortunately,,,
,unacceptable,understand,ust,knowingly,,,
,unabridged,thanked,unjust,exactly,,,
,usa,unfound,unpleased,happily,,,
,uptalk,grew,urinary,neatly,,,
,uns,allowed,unisex,miserably,,,
,moon,uber,upstate,inquisitively,,,
,underwater,unicycle,unhappy,unequivocally,,,
,underscoring,picked,uninhabited,indifferently,,,
,undergraduate,union,unanimous,unambiguously,,,
,anyone,realised,underwhelming,unexpectedly,,,
,unix,undermine,unnatural,hastily,,,
,unborn,unable,undead,frantically,,,
,ubi,unarm,unconnected,boastfully,,,
,urethane,unhook,unbiased,upstate,,,
,updraft,unswear,unspecified,faintly,,,
,upkeep,uptalk,old,doubtfully,,,
,unicity,flipped,uncool,uptempo,,,
,urination,urges,unmerciless,helplessly,,,
,unbelief,filled,unclear,fully,,,
,upthrust,sewed,uncaring,enthusiastically,,,
,underside,underwater,unsaturated,incredibly,,,
,uninstall,answered,unobstructive,upstage,,,
,unexpected,unpick,urbane,impressively,,,
,uplifting,pulled,unproblematic,unawares,,,
,uniate,sold,wide,unintentionally,,,
,underneath,cried,unmistakable,comfortably,,,
,uredo,ordered,unsatisfied,dimly,,,
,urey,designed,unfavourable,famously,,,
,giraffe,joked,unread,upwind,,,
,unraveling,unsafe,unicorn,decisively,,,
,unicode,underperform,unbilled,gladly,,,
,unfriendly,unseam,cheerful,uptown,,,
,undertow,unload,unsurpassed,loudly,,,
,underprivileged,upkeep,unexcusable,urgently,,,
,apple,mentioned,fresh,nearly,,,
,undress,listened,unforgettable,cautiously,,,
,under,drove,unfound,completely,,,
,upset,upthrust,unconcerning,invariably,,,
,desk,promised,powerful,unceremoniously,,,
,undies,chose,uber,gently,,,
,undo,hammered,union,untimely,,,
,herself,drank,uncomfortable,beautifully,,,
,ungula,built,unacceptable,uber,,,
,uracil,uninstall,unable,fast,,,
,underwear,unwild,unabridged,creatively,,,
,unitard,unstable,undersea,mockingly,,,
,uses,nodded,unafraid,inappropriately,,,
,unequal,advised,bright,heavily,,,
,me,unraveling,ancient,aggressively,,,
,elephant,unveil,unflappable,irritably,,,
,upstart,unfurl,unreasonable,frankly,,,
,uptake,expected,underwater,uniquely,,,
,ur,undertow,sharp,eventually,,,
,underwriting,created,unappealing,infrequently,,,
,uncertain,shopped,unbelievable,angrily,,,
,unblock,signalled,undergraduate,unwittingly,,,
,uncanny,undress,unwitting,devotedly,,,
,undulation,roared,unoccupied,independently,,,
,whose,prevented,uncompromising,intentionally,,,
,united,fixed,unborn,excitedly,,,
,they,climbed,rude,universally,,,
,undoing,upset,unorthodox,upwards,,,
,unison,spoiled,unsafe,hurriedly,,,
,underspend,undo,unitive,nobly,,,
,ball,succeeded,unyielding,underwater,,,
,underbelly,unbridle,useable,cleverly,,,
,undertaker,uphoard,unneeded,greatly,,,
,universal,underlie,untapped,naturally,,,
,underling,unweave,strange,accidentally,,,
,upa,apologised,upriver,uncomely,,,
,yourself,trusted,unsurprising,defiantly,,,
,unu,gazed,sturdy,undoubtedly,,,
,upright,knocked,undisturbed,unduly,,,
,underclass,plotted,unexpected,briskly,,,
,upholstery,upstart,unwild,unfortunately,,,
,usufructuary,respected,uniate,limply,,,
,unforeseen,uptake,undivided,daringly,,,
,everything,unblock,uplifting,busily,,,
,lamp,knitted,quick-witted,amazingly,,,
,url,shrunk,unresolved,ungodly,,,
,underlet,unmask,unselfish,upstream,,,
,unrespect,unbalance,unstable,lazily,,,
,understory,unhorse,underneath,lively,,,
,upheaval,rejected,unclean,differently,,,
,universality,questioned,unplanned,instantly,,,
,upswing,underspend,unputdownable,especially,,,
,uno,walked,unrelenting,upward,,,
,update,permitted,unkempt,fantastically,,,
,urtext,sang,unimpeded,ungainly,,,
,undertake,forgot,unilateral,unusually,,,
,upfront,upright,unfriendly,deeply,,,
,updating,underwent,unprecedented,easily,,,
,unexpectation,dragged,uninhabitable,upriver,,,
,usp,unhang,underprivileged,anxiously,,,
,unutterable,underlet,unapologetic,fatally,,,
,uptime,dripped,under,majestically,,,
,unlock,overlooked,upset,uphill,,,
,uphold,pinched,smart,cruelly,,,
,this,arranged,undo,absolutely,,,
,which,hired,urgent,merrily,,,
,penguin,guided,young,unknowingly,,,
,undine,read,underrated,unreservedly,,,
,urban,observed,lonely,heartily,,,
,unusual,arrived,unfettered,broadly,,,
,upstage,travelled,unwieldy,adventurously,,,
,undercroft,upswing,unscrutable,underneath,,,
,usda,ran,unequal,elsewhere,,,
,ubuntu,update,unmatched,dutifully,,,
,u,undertake,massive,excessively,,,
,undulating,exercised,unprincipled,uniformly,,,
,unite,rested,gentle,blindly,,,
,uniformity,practised,unbalanced,firmly,,,
,urbana,upfront,undecent,unconditionally,,,
,uncertainty,upmarket,upstart,unfriendly,,,
,undercurrent,consulted,uncommon,ubiquitously,,,
,unification,retired,unsatisfactory,unapologetically,,,
,we,departed,unadulterated,hard,,,
,ure,unlock,sunny,unmistakably,,,
,unknown,glanced,untrammeled,immediately,,,
,upbeat,uphold,invisible,unquestionably,,,
,hat,undergird,uncertain,gracefully,,,
,unfortunate,worshipped,stealthy,helpfully,,,
,ussr,dared,uncanny,mysteriously,,,
,uprise,dressed,unripe,ubique,,,
,whale,helped,odd,likely,,,
,univalent,died,united,underhanded,,,
,rabbit,started,quiet,under,,,
,unworthy,laughed,uncontrolled,unabashedly,,,
,urial,unmake,untethered,understandably,,,
,unassailable,used,unshakable,desperately,,,
,usurper,unhold,kind,healthily,,,
,ungulate,undergo,unsightly,,,,
,uss,unscramble,unequalled,,,,
,unary,underwritten,unfounded,,,,
,ursine,upstage,uberous,,,,
,ourselves,rewarded,unbound,,,,
,unpalatable,instructed,striped,,,,
,upward,polished,funny,,,,
,upland,upwind,universal,,,,
,unifier,booed,underbred,,,,
,ununoctium,hid,unwashed,,,,
,urson,loved,untrustworthy,,,,
,uphill,unlay,charming,,,,
,jacket,engraved,unbridled,,,,
,urals,unite,unrefined,,,,
,uprising,undercurrent,tall,,,,
,undecided,proved,strong,,,,
,unsettling,ure,usurious,,,,
,upsurge,unwound,upright,,,,
,zebra,uncover,unflattering,,,,
,ubiety,uprise,undifferentiated,,,,
,undesirable,noticed,underwent,,,,
,unforgiven,wiped,unprepossessing,,,,
,ungual,underfeed,usufructuary,,,,
,unction,finished,unforeseen,,,,
,user,invited,low,,,,
,ursula,hunted,unemotional,,,,
,unguis,undergone,clever,,,,
,bird,drew,uncongenial,,,,
,upper,found,unleashed,,,,
,unbeatable,unwrite,uncluttered,,,,
,usefulness,unhinge,fancy,,,,
,chair,unlearn,untried,,,,
,ural,blamed,understated,,,,
,underhanded,received,untitled,,,,
,island,untidy,unaccessible,,,,
,yacht,admired,unlit,,,,
,upo,counted,upfront,,,,
,ureter,unburden,upmarket,,,,
,un,packed,usp,,,,
,unease,unstring,unrivalled,,,,
,underdog,coughed,unutterable,,,,
,updation,played,unfeeling,,,,
,usage,ignored,undaunted,,,,
,undervalue,unbear,unfeigned,,,,
,unusable,searched,unconvincing,,,,
,underpinnings,supplied,unaccountable,,,,
,undersigned,unleash,uncovered,,,,
,unsub,included,undeserving,,,,
,us,bit,jolly,,,,
,usurpature,unloose,undiluted,,,,
,uptight,honoured,uptempo,,,,
,underway,explored,proud,,,,
,queen,poured,unsustainable,,,,
,using,cycled,used,,,,
,unitary,sent,unsparing,,,,
,unabomber,ate,unambiguous,,,,
,what,uncloud,urban,,,,
,everyone,prepared,unusual,,,,
,uraeus,lied,upstage,,,,
,unknowing,wove,untrue,,,,
,unbending,upsurge,unnerved,,,,
,upstairs,began,unthinkable,,,,
,underpinning,parked,upwind,,,,
,uranium,upbraided,unremarkable,,,,
,unavailability,froze,u,,,,
,understudy,loaded,unsuitable,,,,
,lion,jogged,unobtrusive,,,,
,unio,criticised,undulating,,,,
,unhappiness,guarded,unworldly,,,,
,usability,escaped,unequitable,,,,
,upload,melted,upended,,,,
,username,unraveled,unknown,,,,
,uncial,urinate,upbeat,,,,
,ubangi,begged,unquestionable,,,,
,unprofessional,underpin,unsuccessful,,,,
,una,expanded,fast,,,,
,unidirectional,matched,unfortunate,,,,
,floor,unease,mysterious,,,,
,urbanity,greeted,unwary,,,,
,univalve,unsheathe,unbenign,,,,
,unpredictable,undervalue,unholy,,,,
,usual,glowed,happy,,,,
,unveiling,explained,uncivil,,,,
,uneasiness,forced,unconstitutional,,,,
,usufruct,unteach,univalent,,,,
,garden,failed,rough,,,,
,uproot,unsub,responsible,,,,
,urinalysis,led,unworthy,,,,
,units,missed,graceful,,,,
,i,trumpeted,uncomely,,,,
,underweight,sparked,unlucky,,,,
,understanding,unlead,undone,,,,
,these,unhide,uninteresting,,,,
,unavoidable,dreamed,unfulfilled,,,,
,she,sculpted,unnecessary,,,,
,unfamiliar,repaired,unassailable,,,,
,uranian,imagined,unthinking,,,,
,users,updated,ungulate,,,,
,unh,unsling,undisclosed,,,,
,undercut,swept,untidy,,,,
,unity,upheld,unary,,,,
,uniat,introduced,ursine,,,,
,urania,unsex,uptodate,,,,
,upcoming,balanced,unruly,,,,
,violin,wrote,red,,,,
,urari,unreeve,untamed,,,,
,unmarried,gave,lively,,,,
,unwind,understudy,unpalatable,,,,
,her,upend,unmet,,,,
,those,discovered,colourful,,,,
,uproar,chopped,upward,,,,
,unciae,upload,upland,,,,
,urdu,unknit,unsettled,,,,
,uni,waited,unfeasible,,,,
,xylophone,baked,unending,,,,
,usb,mopped,ferocious,,,,
,unit,spent,wise,,,,
,uniting,moved,uphill,,,,
,it,upscale,sad,,,,
,usn,educated,uncouth,,,,
,uniqueness,undid,undecided,,,,
,undershoot,usufruct,unsettling,,,,
,you,mixed,unsuspecting,,,,
,urbanite,checked,noisy,,,,
,upside,calculated,undesirable,,,,
,und,rolled,unfinished,,,,
,unifying,learned,nervous,,,,
,uptick,uprighted,unabashed,,,,
,usance,waved,unforgiven,,,,
,unavailable,offered,ungual,,,,
,usnea,unseat,unreputable,,,,
,universe,uproot,unbounded,,,,
,underbid,plucked,unwarranted,,,,
,umbrella,confirmed,wonderful,,,,
,untouchable,composed,upper,,,,
,unrest,corrected,unresponsive,,,,
,unbreakable,underweight,uncooperative,,,,
,notebook,unthink,uninspired,,,,
,unbecoming,undraw,unbeatable,,,,
,something,untie,unclouded,,,,
,uriel,attacked,underhanded,,,,
,unlike,printed,undignified,,,,
,unreachable,forgave,unraveled,,,,
,ungrateful,left,playful,,,,
,underlying,upped,upmost,,,,
,uncia,called,lazy,,,,
,unseen,grabbed,steady,,,,
,upturn,marked,unregenerate,,,,
,house,threw,unsound,,,,
,unc,undergoing,unmitigated,,,,
,upshot,undulate,unwell,,,,
,underline,decorated,unearthed,,,,
,cat,usurp,unusable,,,,
,upsilon,underwhelm,ungot,,,,
,urology,tackled,unviable,,,,
,undercoat,undercut,undersigned,,,,
,urbanisation,examined,us,,,,
,urge,uncork,underrepresented,,,,
,them,improved,usurped,,,,
,uniform,dropped,hungry,,,,
,upping,unscrew,unsurmountable,,,,
,university,unwind,uneligible,,,,
,uninvited,uproar,unseemly,,,,
,underfoot,closed,uptight,,,,
,urease,boiled,unexplainable,,,,
,unicef,reached,unlimited,,,,
,uplift,unwrap,smooth,,,,
,unanimity,glared,unalloyed,,,,
,updo,decided,unitary,,,,
,underplay,rose,undisciplined,,,,
,urine,applauded,unrivaled,,,,
,unmatchable,stopped,unauthorized,,,,
,urging,undershoot,unrelated,,,,
,unaffected,bought,undefined,,,,
,updates,gathered,unfailing,,,,
,uppercase,unsettle,uproarious,,,,
,up,unnerve,unmeant,,,,
,untruth,unplug,unspoiled,,,,
,underscore,stood,unknowing,,,,
,whoever,unbend,unaccompanied,,,,
,unconfidence,undertaken,unbending,,,,
,undershirt,watched,undetectable,,,,
,unau,undermined,unseasonable,,,,
,ocean,underbid,upstairs,,,,
,usps,complained,unconsiderate,,,,
,ubiquity,unrig,mighty,,,,
,him,unlade,uppermost,,,,
,upas,chased,unconceivable,,,,
,ussery,overcame,unforgiving,,,,
,tiger,celebrated,unheeded,,,,
,uppsala,delivered,upturned,,,,
,jar,pretended,unwilling,,,,
,uppercut,lent,unjustified,,,,
,urn,shared,unfiltered,,,,
,uri,informed,unconcerned,,,,
,unwanted,unlike,unknit,,,,
,he,forged,uncial,,,,
,uptown,stepped,unified,,,,
,undercarriage,unfurled,untrammelled,,,,
,ursuline,unfasten,unprofessional,,,,
,uriah,trained,unaware,,,,
,urd,told,unidirectional,,,,
,uresis,rode,unrestrained,,,,
,urate,ustulate,upscale,,,,
,undertone,locked,univalve,,,,
,urethra,unthaw,unpredictable,,,,
,mountain,flew,usual,,,,
,unscrambler,upraise,uneventful,,,,
,ice cream,cleaned,tame,,,,
,someone,upturn,unnerving,,,,
,unfairness,compared,uprighted,,,,
,whomever,unroll,unintentional,,,,
,ubermensch,arrested,uneasy,,,,
,unclarity,purchased,unethical,,,,
,urbanology,asked,unalienable,,,,
,upsell,lived,underweight,,,,
,uberty,shrank,understanding,,,,
,uraei,kept,unavoidable,,,,
,usurpation,swam,heavy,,,,
,ursus,underline,unfamiliar,,,,
,unai,handled,uranian,,,,
,upstream,folded,unchanging,,,,
,unrespectable,undertakes,sleepy,,,,
,unwed,processed,undulate,,,,
,kite,undercoat,underserved,,,,
,ungainly,unwelcome,urbarial,,,,
,river,assumed,unripened,,,,
,usury,frowned,unattended,,,,
,urinal,understate,shiny,,,,
,usenet,hesitated,undercut,,,,
,underlay,ended,uniat,,,,
,usurer,urge,unwise,,,,
,uranus,uniform,unavailing,,,,
,unique,unfit,upcoming,,,,
,underpants,unionize,unmarried,,,,
,unger,opened,unruffled,,,,
,undercover,smiled,delicate,,,,
,unfold,taught,untimely,,,,
,unattainable,protected,unkept,,,,
,urbanism,faded,untrimmed,,,,
,urb,underfoot,unfashionable,,,,
,unwillingness,uplift,tiny,,,,
,underpass,feared,unkind,,,,
,uremia,skipped,unincorporated,,,,
,urea,rotated,truthful,,,,
,underrun,understood,unrealistic,,,,
,,underplay,undeterred,,,,
,,punched,ugly,,,,
,,returned,unabated,,,,
,,urine,urdu,,,,
,,underlain,upstanding,,,,
,,updates,narrow,,,,
,,uppercase,unit,,,,
,,up,untainted,,,,
,,unspin,witty,,,,
,,underscore,uninterested,,,,
,,uncoil,unifying,,,,
,,measured,unavailable,,,,
,,unrove,square,,,,
,,unset,famous,,,,
,,kicked,unparalleled,,,,
,,undertook,unresponsible,,,,
,,unfair,green,,,,
,,underpinned,untouchable,,,,
,,suspected,unbreakable,,,,
,,painted,unmanned,,,,
,,upskill,unlearned,,,,
,,carried,unbreachable,,,,
,,removed,undying,,,,
,,unbind,unadorned,,,,
,,unravel,unbecoming,,,,
,,showed,unhealthy,,,,
,,unstick,unwavering,,,,
,,fell,silly,,,,
,,strengthened,uninformed,,,,
,,persuaded,unfathomable,,,,
,,unfetter,unlike,,,,
,,remembered,unreachable,,,,
,,broke,ungrateful,,,,
,,unswathe,uncomplicated,,,,
,,uppercut,unanticipated,,,,
,,unsew,unimaginative,,,,
,,underscored,underlying,,,,
,,blushed,unaccurate,,,,
,,urn,ustulate,,,,
,,hugged,uncuth,,,,
,,lost,unclad,,,,
,,undersell,unseen,,,,
,,considered,unbeknown,,,,
,,giggled,unvarnished,,,,
,,unfreeze,unc,,,,
,,upheave,simple,,,,
,,believed,unhindered,,,,
,,welcomed,rare,,,,
,,undertone,underline,,,,
,,lifted,unbowed,,,,
,,uneven,unpretentious,,,,
,,hopped,unrepentant,,,,
,,unearth,unstinting,,,,
,,managed,unasinous,,,,
,,predicted,unwelcome,,,,
,,upsell,undisputed,,,,
,,planned,wet,,,,
,,shouted,relaxed,,,,
,,unmoor,unsympathetic,,,,
,,pushed,round,,,,
,,chewed,uniform,,,,
,,agreed,unfit,,,,
,,slept,uninvited,,,,
,,grinned,undue,,,,
,,flashed,unmoored,,,,
,,repeated,unfavorable,,,,
,,spoke,untolerable,,,,
,,sat,unprudent,,,,
,,upstream,underfoot,,,,
,,fled,uncorrect,,,,
,,exited,thick,,,,
,,understanded,neat,,,,
,,unwed,grumpy,,,,
,,suggested,gloomy,,,,
,,persisted,fierce,,,,
,,defended,unpatient,,,,
,,doubted,uninitiated,,,,
,,performed,unforeseeable,,,,
,,invented,untouched,,,,
,,focused,understood,,,,
,,destroyed,uppity,,,,
,,underlay,unsophisticated,,,,
,,unbosom,unbidden,,,,
,,entertained,unsolicited,,,,
,,unsteady,honest,,,,
,,undercover,unmatchable,,,,
,,unfold,undefiled,,,,
,,unify,dark,,,,
,,stretched,unrestricted,,,,
,,unpacked,uncinate,,,,
,,brushed,unrequited,,,,
,,shook,unaffected,,,,
,,hoped,uppercase,,,,
,,unman,up,,,,
,,unbar,unencumbered,,,,
,,underrun,unveiled,,,,
,,wandered,unreserved,,,,
,,,unsubstantiated,,,,
,,,unsubstantial,,,,
,,,uric,,,,
,,,polite,,,,
,,,underdeveloped,,,,
,,,unset,,,,
,,,unscientific,,,,
,,,unwonted,,,,
,,,unglued,,,,
,,,dangerous,,,,
,,,useful,,,,
,,,unchaste,,,,
,,,undetermined,,,,
,,,unheralded,,,,
,,,unmanly,,,,
,,,uncharted,,,,
,,,unsavoury,,,,
,,,uncontrollable,,,,
,,,friendly,,,,
,,,unplugged,,,,
,,,unscathed,,,,
,,,unfair,,,,
,,,unpaid,,,,
,,,unfaithful,,,,
,,,uncivilized,,,,
,,,useless,,,,
,,,short,,,,
,,,unfailable,,,,
,,,unnoticed,,,,
,,,understandable,,,,
,,,unexpert,,,,
,,,unconstrained,,,,
,,,unfledged,,,,
,,,unbearable,,,,
,,,unsprung,,,,
,,,unpenitent,,,,
,,,unpopular,,,,
,,,une,,,,
,,,uncurable,,,,
,,,unwanted,,,,
,,,unctuous,,,,
,,,tough,,,,
,,,unmanageable,,,,
,,,uptown,,,,
,,,high,,,,
,,,unifocal,,,,
,,,unmindful,,,,
,,,unlawful,,,,
,,,uncorked,,,,
,,,unsullied,,,,
,,,uncate,,,,
,,,unremitting,,,,
,,,unimaginable,,,,
,,,unswerving,,,,
,,,unquenchable,,,,
,,,warm,,,,
,,,unassuming,,,,
,,,quick,,,,
,,,unflinching,,,,
,,,unimpeachable,,,,
,,,excited,,,,
,,,unimportant,,,,
,,,curious,,,,
,,,unproductive,,,,
,,,slow,,,,
,,,unemployed,,,,
,,,uneven,,,,
,,,unspeakable,,,,
,,,untold,,,,
,,,unused,,,,
,,,wild,,,,
,,,calm,,,,
,,,light,,,,
,,,unconscionable,,,,
,,,unhonest,,,,
,,,unskilled,,,,
,,,uncut,,,,
,,,regular,,,,
,,,modern,,,,
,,,unsecure,,,,
,,,ungodly,,,,
,,,unheard,,,,
,,,upstream,,,,
,,,weak,,,,
,,,sweet,,,,
,,,ubiquitous,,,,
,,,unrespectable,,,,
,,,uncounted,,,,
,,,unreadable,,,,
,,,unwed,,,,
,,,ungainly,,,,
,,,unconfident,,,,
,,,unsocial,,,,
,,,urinal,,,,
,,,unexplained,,,,
,,,unbroken,,,,
,,,unicameral,,,,
,,,unready,,,,
,,,usable,,,,
,,,unintended,,,,
,,,soft,,,,
,,,usurary,,,,
,,,unique,,,,
,,,unsteady,,,,
,,,magical,,,,
,,,undercover,,,,
,,,unattainable,,,,
,,,unintelligible,,,,
,,,unenviable,,,,
,,,loud,,,,
,,,unspoken,,,,
,,,unfazed,,,,
,,,unconclusive,,,,
,,,urnal,,,,
,,,unnamed,,,,
,,,surprised,,,,
,,,unapplicable,,,,
,,,elegant,,,,
,,,unsure,,,,
,,,upholstered,,,,
,,,unceremonious,,,,
,,,untoward,,,,
,,,unofficial,,,,
,,,unerring,,,,
,,,unreal,,,,
